SCHOOL_NAME,ECONOMICALLY_DISADVANTAGED_PCT,TITLE_I
All Schools,60.5,0
Allen Elementary,47.7,0
Alpine Crest Elementary,71.4,1
Apison Elementary School,39.4,0
Barger Academy,92.3,1
Battle Academy For Teaching  Learning,69.6,1
Bess T Shepherd Elementary,91.8,1
Big Ridge Elementary,31.3,0
Brainerd High School,92.5,1
Brown Middle School,79.9,1
Calvin Donaldson Environmental Science Academy,,1
Central High School,54.8,1
Chatt High Center For Creative Arts,35.3,0
Chattanooga Charter School of Excellence,66.1,1
Chattanooga Girls Leadership Academy,69.9,1
Chattanooga School For Arts And Sciences CSAS Upper,33.5,0
Chattanooga School For The Arts And Science CSAS Lower,25,0
Chattanooga School For The Liberal Arts,24.8,0
Clifton Hills Elementary,99.8,1
Daisy Elementary,70.2,1
Dalewood Middle School,,1
Dupont Elementary,87.7,1
East Brainerd Elementary,69.6,1
East Hamilton School,31.6,0
East Lake Academy Of Fine Arts,99.6,1
East Lake Elementary,,1
East Ridge Elementary,87.6,1
East Ridge High School,86.3,1
East Ridge Middle School,92,1
East Side Elementary,,1
Falling Water Elementary,71.6,1
Ganns Middle Valley Elementary,46.8,0
Hamilton County Collegiate High at Chattanooga State,8.7,0
Hamilton County High School,29.6,0
Hamilton County Virtual School,31.6,0
Hardy Elementary School,99,1
Harrison Elementary,82.2,1
Hillcrest Elementary,96.5,1
Hixson Elementary,81.6,1
Hixson Middle School,69.5,1
Hunter Middle School,35.3,0
"Ivy Academy, Inc.",63.1,1
Lakeside Academy,93,1
Loftis Middle School,40.8,0
Lookout Mountain Elementary,3.4,0
Lookout Valley Elementary,74,1
Lookout Valley Middle / High School,71.4,1
McConnell Elementary,44.2,0
New Consortium of Law and Business,,1
Nolan Elementary,13.1,0
Normal Park Museum Magnet School,25.2,0
North Hamilton Elementary,66.7,1
Ooltewah Elementary,38.7,0
Ooltewah High School,42.1,0
Ooltewah Middle School,61.4,1
Orchard Knob Elementary,99.8,1
Orchard Knob Middle,98.2,1
Red Bank Elementary,83.2,1
Red Bank High School,78.8,1
Red Bank Middle School,83.3,1
Rivermont Elementary,90,1
Sale Creek Middle / High School,46.1,0
Sequoyah High School,69.9,1
Signal Mountain Middle/High School,13.4,0
Snow Hill Elementary,59.4,1
Soddy Daisy High School,39.1,0
Soddy Daisy Middle School,63.7,1
Soddy Elementary,61.7,1
Spring Creek Elementary,91.9,1
STEM School Chattanooga,41.4,0
The Howard School,96.9,1
Thrasher Elementary,10.8,0
Tommie F. Brown International Academy,89.7,1
Tyner Academy,88.9,1
Tyner Middle Academy,93.4,1
Wallace A. Smith Elementary,29.3,0
Westview Elementary,20.3,0
Wolftever Creek Elementary,82.1,1
Woodmore Elementary,97.9,1