SCHOOL,GROUP,DESCRIPTION,SALARY_08,ADM_08,PER_DIFF_AVG_08,SALARY_16,ADM_16,PER_DIFF_AVG_16,,,,
HAMILTON COUNTY HIGH SCHOOL,1,GETTING WORSE; INCREASE,1987138,653,-0.07," 2,234,354.00 ",625.90,0.34,,,,
RIVERMONT ELEMENTARY,1,GETTING WORSE; INCREASE,1195049,314,0.01," 1,172,754.00 ",295.80,0.42,,,,
BRAINERD HIGH SCHOOL,1,GETTING WORSE; INCREASE,1877165,633,0.04," 2,404,711.00 ",573.45,0.38,,,,
LOOKOUT VALLEY ELEMENTARY,1,GETTING WORSE; INCREASE,1370569,390,-0.06," 1,759,376.00 ",400.65,0.24,,,,
HOWARD ACADEMY OF ACADEMICS TECHNOLOGY,1,GETTING WORSE; INCREASE,1512422,458,-0.04," 1,628,981.00 ",341.15,0.21,,,,
FALLING WATER ELEMENTARY,1,GETTING WORSE; INCREASE,1570748,517,-0.01," 2,173,723.00 ",545.35,0.23,,,,
BROWN ACADEMY FOR CLASSICAL STUDIES,1,GETTING WORSE; INCREASE,1677260,518,0.002," 1,852,352.00 ",482.35,0.23,,,,
DALEWOOD MIDDLE SCHOOL,1,GETTING WORSE; INCREASE,3156287,914,0.03," 3,193,520.00 ",565.85,0.20,,,,
BATTLE ACADEMY FOR TEACHING LEARNING,1,GETTING WORSE; INCREASE,1279963,385,-0.004," 1,420,831.00 ",281.90,0.16,,,,
HIXSON ELEMENTARY,1,GETTING WORSE; INCREASE,1952315,507,0.09," 2,014,732.00 ",445.25,0.26,,,,
LOOKOUT VALLEY MIDDLE/HIGH SCHOOL,1,GETTING WORSE; INCREASE,1074807,320,0.35," 1,781,253.00 ",394.30,0.47,,,,
CALVIN DONALDSON ELEMENTARY,1,GETTING WORSE; INCREASE,3135044,1060,0.01," 3,839,328.00 ",966.75,0.10,,,,
SEQUOYAH HIGH SCHOOL,1,GETTING WORSE; INCREASE,1962019,507,0.30," 2,361,443.00 ",592.55,0.39,,,,
SODDY ELEMENTARY SCHOOL,1,GETTING WORSE; INCREASE,1732155,383,0.01," 1,974,626.00 ",432.00,0.07,,,,
EAST RIDGE HIGH SCHOOL,2,GETTING WORSE; INCREASE,1302545,496,0.01," 1,989,596.00 ",529.65,0.04,,,,
WESTVIEW ELEMENTARY SCHOOL,1,GETTING WORSE; INCREASE,1538224,481,-0.001," 1,820,865.00 ",502.35,0.01,,,,
WOODMORE ELEMENTARY,1,GETTING WORSE; INCREASE,1142931,335,0.03," 1,598,826.00 ",324.70,0.05,,,,
BARGER ACADEMY,1,GETTING WORSE; INCREASE,749731,224,0.06," 1,311,188.00 ",389.00,0.07,,,,
HILLCREST ELEMENTARY,2,GETTER BETTER; INCREASE,2044143,604,-0.17," 3,518,796.00 ",902.25,0.07,,,,
SODDY DAISY HIGH SCHOOL,2,GETTER BETTER; INCREASE,1457976,388,-0.15," 2,351,931.00 ",598.73,0.02,,,,
LOFTIS MIDDLE SCHOOL,2,GETTER BETTER; INCREASE,1514487,411,-0.09," 2,187,638.00 ",606.75,0.06,,,,
APISON ELEMENTARY SCHOOL,2,GETTER BETTER; INCREASE,1175218,352,-0.11," 3,362,511.00 ",975.70,0.02,,,,
CLIFTON HILLS ELEMENTARY,2,GETTER BETTER; INCREASE,2857496,853,-0.21," 3,437,303.00 ",803.05,-0.08,,,,
LAKESIDE ACADEMY,2,GETTER BETTER; INCREASE,2168927,682,-0.07," 2,671,940.00 ",716.25,0.04,,,, 
NOLAN ELEMENTARY SCHOOL,2,GETTER BETTER; INCREASE,1908658,621,-0.12," 2,300,229.00 ",607.90,-0.01,,,,
SPRING CREEK ELEMENTARY SCHOOL,2,GETTER BETTER; INCREASE,801115,244,-0.17," 916,809.00 ",181.70,-0.07,,,,
OOLTEWAH MIDDLE SCHOOL,2,GETTER BETTER; INCREASE,1558656,483,-0.12," 2,016,153.00 ",575.40,-0.04,,,,
OOLTEWAH HIGH SCHOOL,2,GETTER BETTER; INCREASE,560497,182,-0.22," 719,406.00 ",131.00,-0.14,,,,
CENTRAL HIGH SCHOOL,2,GETTER BETTER; INCREASE,1892636,601,-0.11," 1,729,145.00 ",467.85,-0.03,,,,
BESS T SHEPHERD ELEMENTARY,2,GETTER BETTER; INCREASE,1400204,383,-0.08," 1,359,646.00 ",387.40,-0.03,,,,
WOLFTEVER CREEK ELEMENTARY,2,GETTER BETTER; INCREASE,953879,347,-0.02," 1,247,625.00 ",284.10,0.01,,,,
RED BANK MIDDLE SCHOOL,2,GETTER BETTER; INCREASE,1702188,471,-0.06," 2,362,006.00 ",458.35,-0.03,,,,
RED BANK ELEMENTARY SCHOOL,2,GETTER BETTER; INCREASE,2990935,757,-0.12," 3,850,384.00 ",920.80,-0.10,,,,
WALLACE A SMITH ELEMENTARY,2,GETTER BETTER; INCREASE,1895500,504,-0.05," 2,548,992.00 ",681.90,-0.03,,,,
SNOW HILL ELEMENTARY SCHOOL,2,GETTER BETTER; INCREASE,3424100,1079,-0.02," 3,665,975.00 ",739.95,-0.01,,,,
HARRISON ELEMENTARY SCHOOL,3,GETTING WORSE; DECREASE,2508876,787,0.10," 2,934,509.00 ",793.70,-0.14,,,,
EAST LAKE ELEMENTARY,3,GETTING WORSE; DECREASE,1399826,456,0.11," 1,753,881.00 ",410.50,-0.12,,,,
MCCONNELL ELEMENTARY SCHOOL,3,GETTING WORSE; DECREASE,2449750,814,0.07," 2,610,005.00 ",602.40,-0.14,,,,
DUPONT ELEMENTARY,3,GETTING WORSE; DECREASE,1223522,194,0.01," 808,183.00 ",175.35,-0.18,,,,
EAST RIDGE ELEMENTARY SCHOOL,3,GETTING WORSE; DECREASE,1045084,335,0.01," 1,393,473.00 ",273.50,-0.16,,,,
OOLTEWAH ELEMENTARY SCHOOL,3,GETTING WORSE; DECREASE,2070240,461,-0.02," 2,127,112.00 ",353.60,-0.15,,,,
THRASHER ELEMENTARY SCHOOL,3,GETTING WORSE; DECREASE,2152066,608,-0.07," 1,720,971.00 ",488.85,-0.19,,,,
GANNS MIDDLE VALLEY ELEMENTARY,3,GETTING WORSE; DECREASE,1819532,623,-0.03," 2,499,740.00 ",613.95,-0.15,,,,
ORCHARD KNOB ELEMENTARY,3,GETTING WORSE; DECREASE,2201922,523,0.01," 3,369,487.00 ",799.45,-0.07,,,,
DAISY ELEMENTARY SCHOOL,3,GETTING WORSE; DECREASE,1351728,381,-0.04," 1,391,352.00 ",332.00,-0.12,,,,
EAST BRAINERD ELEMENTARY,3,GETTING WORSE; DECREASE,1272975,392,0.02," 3,175,908.00 ",911.80,-0.05,,,,
HUNTER MIDDLE SCHOOL,3,GETTING WORSE; DECREASE,4905928,1901,-0.04," 5,479,512.00 ",1558.30,-0.10,,,,
EAST RIDGE MIDDLE SCHOOL,3,GETTING WORSE; DECREASE,3318625,1140,-0.04," 3,001,113.00 ",763.90,-0.09,,,,
HARDY ELEMENTARY SCHOOL,3,GETTING WORSE; DECREASE,1228633,368,-0.05," 2,224,688.00 ",586.05,-0.10,,,,
ALLEN ELEMENTARY SCHOOL,3,GETTING WORSE; DECREASE,1514361,375,-0.08," 1,969,629.00 ",428.35,-0.13,,,,
BIG RIDGE ELEMENTARY SCHOOL,3,GETTING WORSE; DECREASE,1962344,675,-0.02," 2,462,548.00 ",669.75,-0.06,,,,
EAST SIDE ELEMENTARY,3,GETTING WORSE; DECREASE,3702465,975,-0.07," 3,343,117.00 ",760.25,-0.08,,,,
LOOKOUT MOUNTAIN ELEMENTARY,4,GETTING BETTER; DECREASE,1977060,633,0.90," 2,411,709.00 ",606.10,0.12,,,,
CHATTANOOGA SCHOOL FOR THE LIBERAL ARTS,4,GETTING BETTER; DECREASE,1338175,398,0.36," 1,095,491.00 ",188.55,0.11,,,,
NORMAL PARK MUSEUM MAGNET SCHOOL,4,GETTING BETTER; DECREASE,1670134,428,0.27," 2,416,392.00 ",542.55,0.03,,,,
HIXSON MIDDLE SCHOOL,4,GETTING BETTER; DECREASE,1554489,360,0.13," 2,001,991.00 ",352.00,-0.09,,,,
CHATTANOOGA HIGH CENTER FOR CREATIVE ARTS,4,GETTING BETTER; DECREASE,1897170,584,0.17," 2,062,191.00 ",507.70,-0.03,,,,
ALPINE CREST ELEMENTARY SCHOOL,4,GETTING BETTER; DECREASE,4408047,1559,0.15," 4,980,330.00 ",1196.60,-0.03,,,,
EAST LAKE ACADEMY OF FINE ARTS,4,GETTING BETTER; DECREASE,2048551,569,0.13," 2,109,406.00 ",484.30,-0.04,,,,
HIXSON HIGH SCHOOL,4,GETTING BETTER; DECREASE,1199504,357,0.19," 1,691,220.00 ",387.30,0.02,,,,
TYNER MIDDLE ACADEMY,4,GETTING BETTER; DECREASE,1663072,602,0.14," 2,752,590.00 ",723.40,-0.03,,,,
ORCHARD KNOB MIDDLE SCHOOL,4,GETTING BETTER; DECREASE,1606693,520,0.22," 1,909,094.00 ",576.50,0.12,,,,
SALE CREEK MIDDLE/HIGH SCHOOL,4,GETTING BETTER; DECREASE,2067947,547,0.18," 2,512,674.00 ",547.35,0.09,,,,
RED BANK HIGH SCHOOL,4,GETTING BETTER; DECREASE,1342792,356,0.15," 1,846,162.00 ",464.80,0.07,,,,
BROWN MIDDLE SCHOOL,4,GETTING BETTER; DECREASE,2466191,781,0.16," 2,611,190.00 ",658.15,0.10,,,,
NORTH HAMILTON ELEMENTARY SCHOOL,4,GETTING BETTER; DECREASE,2442073,737,0.07," 2,662,765.00 ",640.00,0.02,,,,
SODDY DAISY MIDDLE SCHOOL,4,GETTING BETTER; DECREASE,1449534,445,0.09," 2,213,152.00 ",533.10,0.06,,,,
TYNER ACADEMY,4,GETTING BETTER; DECREASE,1377045,402,0.14," 1,395,686.00 ",325.60,0.12,,,,