year,district,school,school_name,subject,grade,subgroup,valid_tests,pct_below_bsc,pct_bsc,pct_bsc_and_below,pct_prof,pct_adv,pct_prof_adv
2015,330,5,Allen Elementary School,Math,3rd,All Students,93,**,**,23.6,**,**,76.4
2015,330,5,Allen Elementary School,RLA,3rd,All Students,93,6.4,46.2,52.6,40.9,6.5,47.4
2015,330,10,Alpine Crest Elementary School,Math,3rd,All Students,59,6.8,25.4,32.2,49.2,18.6,67.8
2015,330,10,Alpine Crest Elementary School,RLA,3rd,All Students,59,11.8,47.5,59.3,32.2,8.5,40.7
2015,330,13,Apison Elementary School,Math,3rd,All Students,104,**,**,21.1,**,**,78.9
2015,330,13,Apison Elementary School,RLA,3rd,All Students,105,**,**,40,**,**,60
2015,330,16,Battle Academy For Teaching Learning,Math,3rd,All Students,64,7.9,23.4,31.3,40.6,28.1,68.7
2015,330,16,Battle Academy For Teaching Learning,RLA,3rd,All Students,64,14.1,35.9,50,32.8,17.2,50
2015,330,17,Bess T Shepherd Elementary School,Math,3rd,All Students,98,21.5,36.7,58.2,29.6,12.2,41.8
2015,330,17,Bess T Shepherd Elementary School,RLA,3rd,All Students,97,41.3,41.2,82.5,11.3,6.2,17.5
2015,330,19,Big Ridge Elementary School,Math,3rd,All Students,76,5.3,17.1,22.4,48.7,28.9,77.6
2015,330,19,Big Ridge Elementary School,RLA,3rd,All Students,76,6.6,25,31.6,39.5,28.9,68.4
2015,330,21,Brainerd High School,Algebra I,9th through 12th,All Students,146,28.1,38.4,66.5,26.7,6.8,33.5
2015,330,21,Brainerd High School,English II,9th through 12th,All Students,132,**,**,65.1,**,**,34.9
2015,330,33,Tommie F. Brown International Academy,Math,3rd,All Students,44,**,**,36.3,**,**,63.7
2015,330,33,Tommie F. Brown International Academy,RLA,3rd,All Students,44,**,**,65.9,**,**,34.1
2015,330,35,Brown Middle School,Math,7th,All Students,142,30.3,36.6,66.9,21.8,11.3,33.1
2015,330,35,Brown Middle School,RLA,7th,All Students,142,23.3,40.1,63.4,31,5.6,36.6
2015,330,37,Calvin Donaldson Environmental Science Academy,Math,3rd,All Students,55,21.8,41.8,63.6,25.5,10.9,36.4
2015,330,37,Calvin Donaldson Environmental Science Academy,RLA,3rd,All Students,55,34.5,38.2,72.7,20,7.3,27.3
2015,330,40,Central High School,Algebra I,9th through 12th,All Students,204,22,42.2,64.2,28.9,6.9,35.8
2015,330,40,Central High School,English II,9th through 12th,All Students,239,**,**,49.4,**,**,50.6
2015,330,41,Normal Park Museum Magnet School,Math,3rd,All Students,86,**,**,11.6,**,**,88.4
2015,330,41,Normal Park Museum Magnet School,Math,7th,All Students,71,5.6,29.6,35.2,36.6,28.2,64.8
2015,330,41,Normal Park Museum Magnet School,RLA,3rd,All Students,86,**,**,43,**,**,57
2015,330,41,Normal Park Museum Magnet School,RLA,7th,All Students,71,**,**,22.5,**,**,77.5
2015,330,45,Chattanooga High Center for Creative Arts,Math,7th,All Students,79,5.1,24.1,29.2,43,27.8,70.8
2015,330,45,Chattanooga High Center for Creative Arts,RLA,7th,All Students,79,**,**,24.1,**,**,75.9
2015,330,45,Chattanooga High Center for Creative Arts,Algebra I,9th through 12th,All Students,11,18.1,27.3,45.4,18.2,36.4,54.6
2015,330,45,Chattanooga High Center for Creative Arts,English II,9th through 12th,All Students,93,**,**,5.3,**,**,94.7
2015,330,46,Chattanooga School for Arts & Sciences CSAS Upper,Math,7th,All Students,73,9.7,26,35.7,34.2,30.1,64.3
2015,330,46,Chattanooga School for Arts & Sciences CSAS Upper,RLA,7th,All Students,73,5.5,19.2,24.7,54.8,20.5,75.3
2015,330,46,Chattanooga School for Arts & Sciences CSAS Upper,Algebra I,9th through 12th,All Students,21,9.5,28.6,38.1,38.1,23.8,61.9
2015,330,46,Chattanooga School for Arts & Sciences CSAS Upper,English II,9th through 12th,All Students,121,**,**,14.9,**,**,85.1
2015,330,47,Chattanooga School for Arts & Sciences CSAS Lower,Math,3rd,All Students,63,**,**,25.4,**,**,74.6
2015,330,47,Chattanooga School for Arts & Sciences CSAS Lower,RLA,3rd,All Students,63,**,**,46,**,**,54
2015,330,48,Clifton Hills Elementary School,Math,3rd,All Students,91,27.4,41.8,69.2,23.1,7.7,30.8
2015,330,48,Clifton Hills Elementary School,RLA,3rd,All Students,90,**,**,90,**,**,10
2015,330,50,Daisy Elementary School,Math,3rd,All Students,71,**,**,25.4,**,**,74.6
2015,330,50,Daisy Elementary School,RLA,3rd,All Students,71,7,47.9,54.9,33.8,11.3,45.1
2015,330,51,McConnell Elementary School,Math,3rd,All Students,75,5.3,20,25.3,38.7,36,74.7
2015,330,51,McConnell Elementary School,RLA,3rd,All Students,75,13.3,44,57.3,34.7,8,42.7
2015,330,55,Dalewood Middle School,Math,7th,All Students,110,50.9,29.1,80,12.7,7.3,20
2015,330,55,Dalewood Middle School,RLA,7th,All Students,110,40,33.6,73.6,19.1,7.3,26.4
2015,330,58,DuPont Elementary School,Math,3rd,All Students,49,14.2,32.7,46.9,38.8,14.3,53.1
2015,330,58,DuPont Elementary School,RLA,3rd,All Students,49,**,**,81.7,**,**,18.3
2015,330,59,East Hamilton School,Math,7th,All Students,234,12.4,19.7,32.1,37.6,30.3,67.9
2015,330,59,East Hamilton School,RLA,7th,All Students,235,8.9,31.1,40,48.1,11.9,60
2015,330,59,East Hamilton School,Algebra I,9th through 12th,All Students,193,15.6,29.5,45.1,29.5,25.4,54.9
2015,330,59,East Hamilton School,English II,9th through 12th,All Students,269,**,**,21.2,**,**,78.8
2015,330,62,East Brainerd Elementary School,Math,3rd,All Students,135,7.4,31.9,39.3,40,20.7,60.7
2015,330,62,East Brainerd Elementary School,RLA,3rd,All Students,135,16.3,49.6,65.9,22.2,11.9,34.1
2015,330,63,East Lake Elementary School,Math,3rd,All Students,85,22.3,45.9,68.2,20,11.8,31.8
2015,330,63,East Lake Elementary School,RLA,3rd,All Students,85,**,**,90.6,**,**,9.4
2015,330,64,East Lake Academy of Fine Arts,Math,7th,All Students,168,**,**,74.4,**,**,25.6
2015,330,64,East Lake Academy of Fine Arts,RLA,7th,All Students,164,**,**,72.5,**,**,27.5
2015,330,65,East Ridge Elementary School,Math,3rd,All Students,175,14.3,44,58.3,32,9.7,41.7
2015,330,65,East Ridge Elementary School,RLA,3rd,All Students,175,**,**,82.8,**,**,17.2
2015,330,70,East Ridge High School,Algebra I,9th through 12th,All Students,192,21.3,33.9,55.2,32.8,12,44.8
2015,330,70,East Ridge High School,English II,9th through 12th,All Students,203,**,**,57.6,**,**,42.4
2015,330,75,East Ridge Middle School,Math,7th,All Students,246,26.9,37,63.9,27.2,8.9,36.1
2015,330,75,East Ridge Middle School,RLA,7th,All Students,244,19.7,38.5,58.2,36.1,5.7,41.8
2015,330,78,East Side Elementary School,Math,3rd,All Students,113,**,**,40.7,**,**,59.3
2015,330,78,East Side Elementary School,RLA,3rd,All Students,113,**,**,85.8,**,**,14.2
2015,330,80,Falling Water Elementary School,Math,3rd,All Students,29,**,**,31.1,**,**,68.9
2015,330,80,Falling Water Elementary School,RLA,3rd,All Students,29,10.4,41.4,51.8,31,17.2,48.2
2015,330,85,Ganns Middle Valley Elementary School,Math,3rd,All Students,109,8.3,21.1,29.4,48.6,22,70.6
2015,330,85,Ganns Middle Valley Elementary School,RLA,3rd,All Students,109,11.9,51.4,63.3,30.3,6.4,36.7
2015,330,86,Hamilton County Collegiate High at Chattanooga Sta,Algebra I,9th through 12th,All Students,13,**,**,0,**,**,100
2015,330,86,Hamilton County Collegiate High at Chattanooga Sta,English II,9th through 12th,All Students,20,**,**,0,**,**,100
2015,330,90,Harrison Elementary School,Math,3rd,All Students,65,7.8,29.2,37,41.5,21.5,63
2015,330,90,Harrison Elementary School,RLA,3rd,All Students,65,13.8,50.8,64.6,27.7,7.7,35.4
2015,330,97,Barger Academy,Math,3rd,All Students,67,16.5,32.8,49.3,34.3,16.4,50.7
2015,330,97,Barger Academy,RLA,3rd,All Students,67,**,**,85.1,**,**,14.9
2015,330,100,Hunter Middle School,Math,7th,All Students,245,10.1,17.6,27.7,38.4,33.9,72.3
2015,330,100,Hunter Middle School,RLA,7th,All Students,246,9.7,32.5,42.2,47.2,10.6,57.8
2015,330,110,Hardy Elementary School,Math,3rd,All Students,81,9.9,33.3,43.2,33.3,23.5,56.8
2015,330,110,Hardy Elementary School,RLA,3rd,All Students,81,17.3,49.4,66.7,25.9,7.4,33.3
2015,330,120,Loftis Middle School,Math,7th,All Students,215,7.9,21.4,29.3,36.3,34.4,70.7
2015,330,120,Loftis Middle School,RLA,7th,All Students,215,**,**,37.7,**,**,62.3
2015,330,125,Lookout Mountain Elementary School,Math,3rd,All Students,30,**,**,13.4,**,**,86.6
2015,330,125,Lookout Mountain Elementary School,RLA,3rd,All Students,30,**,**,30,**,**,70
2015,330,127,Hixson Elementary School,Math,3rd,All Students,81,**,**,39.5,**,**,60.5
2015,330,127,Hixson Elementary School,RLA,3rd,All Students,81,**,**,72.8,**,**,27.2
2015,330,128,Hixson High School,Algebra I,9th through 12th,All Students,200,23,24.5,47.5,28.5,24,52.5
2015,330,128,Hixson High School,English II,9th through 12th,All Students,198,13.6,29.3,42.9,50.5,6.6,57.1
2015,330,129,Hixson Middle School,Math,7th,All Students,237,23.6,26.6,50.2,34.2,15.6,49.8
2015,330,129,Hixson Middle School,RLA,7th,All Students,237,15.6,35.4,51,40.1,8.9,49
2015,330,133,Hillcrest Elementary School,Math,3rd,All Students,50,10,28,38,42,20,62
2015,330,133,Hillcrest Elementary School,RLA,3rd,All Students,50,**,**,84,**,**,16
2015,330,137,The Howard School,Algebra I,9th through 12th,All Students,155,38.7,34.8,73.5,15.5,11,26.5
2015,330,137,The Howard School,English II,9th through 12th,All Students,140,**,**,74.3,**,**,25.7
2015,330,147,North Hamilton Elementary School,Math,3rd,All Students,63,12.8,9.5,22.3,44.4,33.3,77.7
2015,330,147,North Hamilton Elementary School,RLA,3rd,All Students,63,19.1,44.4,63.5,23.8,12.7,36.5
2015,330,148,Wolftever Creek Elementary School,Math,3rd,All Students,84,9.5,36.9,46.4,36.9,16.7,53.6
2015,330,148,Wolftever Creek Elementary School,RLA,3rd,All Students,84,**,**,72.6,**,**,27.4
2015,330,149,Nolan Elementary School,Math,3rd,All Students,111,**,**,10,**,**,90
2015,330,149,Nolan Elementary School,RLA,3rd,All Students,111,**,**,31.6,**,**,68.4
2015,330,155,Ooltewah Elementary School,Math,3rd,All Students,129,**,**,24.8,**,**,75.2
2015,330,155,Ooltewah Elementary School,RLA,3rd,All Students,129,9.3,55,64.3,27.9,7.8,35.7
2015,330,157,Ooltewah Middle School,Math,7th,All Students,278,23.4,32,55.4,28.1,16.5,44.6
2015,330,157,Ooltewah Middle School,RLA,7th,All Students,279,17.6,35.1,52.7,38,9.3,47.3
2015,330,159,Lakeside Academy,Math,3rd,All Students,71,**,**,31,**,**,69
2015,330,159,Lakeside Academy,RLA,3rd,All Students,71,**,**,76.1,**,**,23.9
2015,330,160,Ooltewah High School,Algebra I,9th through 12th,All Students,331,19.6,23,42.6,34.4,23,57.4
2015,330,160,Ooltewah High School,English II,9th through 12th,All Students,371,10.4,30.5,40.9,52.6,6.5,59.1
2015,330,162,Chattanooga School For The Liberal Arts,Math,3rd,All Students,41,**,**,4.9,**,**,95.1
2015,330,162,Chattanooga School For The Liberal Arts,Math,7th,All Students,46,**,**,21.8,**,**,78.2
2015,330,162,Chattanooga School For The Liberal Arts,RLA,3rd,All Students,41,**,**,29.3,**,**,70.7
2015,330,162,Chattanooga School For The Liberal Arts,RLA,7th,All Students,46,**,**,15.2,**,**,84.8
2015,330,165,Lookout Valley Middle/High School,Math,7th,All Students,50,22,52,74,18,8,26
2015,330,165,Lookout Valley Middle/High School,RLA,7th,All Students,50,14,34,48,46,6,52
2015,330,165,Lookout Valley Middle/High School,Algebra I,9th through 12th,All Students,57,24.6,33.3,57.9,24.6,17.5,42.1
2015,330,165,Lookout Valley Middle/High School,English II,9th through 12th,All Students,40,7.5,22.5,30,60,10,70
2015,330,171,Red Bank Elementary School,Math,3rd,All Students,113,8,29.2,37.2,36.3,26.5,62.8
2015,330,171,Red Bank Elementary School,RLA,3rd,All Students,113,21.2,43.4,64.6,25.7,9.7,35.4
2015,330,175,Red Bank High School,Algebra I,9th through 12th,All Students,166,33.7,38.6,72.3,22.3,5.4,27.7
2015,330,175,Red Bank High School,English II,9th through 12th,All Students,203,10.8,29.6,40.4,52.7,6.9,59.6
2015,330,180,Red Bank Middle School,Math,7th,All Students,199,30.1,34.2,64.3,22.6,13.1,35.7
2015,330,180,Red Bank Middle School,RLA,7th,All Students,201,24.4,39.8,64.2,30.3,5.5,35.8
2015,330,183,Rivermont Elementary School,Math,3rd,All Students,33,**,**,27.3,**,**,72.7
2015,330,183,Rivermont Elementary School,RLA,3rd,All Students,33,**,**,54.5,**,**,45.5
2015,330,190,Sale Creek Middle/High School,Math,7th,All Students,79,24.1,32.9,57,27.8,15.2,43
2015,330,190,Sale Creek Middle/High School,RLA,7th,All Students,78,17.9,38.5,56.4,38.5,5.1,43.6
2015,330,190,Sale Creek Middle/High School,Algebra I,9th through 12th,All Students,77,6.4,24.7,31.1,37.7,31.2,68.9
2015,330,190,Sale Creek Middle/High School,English II,9th through 12th,All Students,69,**,**,24.6,**,**,75.4
2015,330,194,Orchard Knob Elementary School,Math,3rd,All Students,104,9.6,41.3,50.9,35.6,13.5,49.1
2015,330,194,Orchard Knob Elementary School,RLA,3rd,All Students,104,**,**,85.6,**,**,14.4
2015,330,196,Sequoyah High School,Algebra I,9th through 12th,All Students,89,37.1,25.8,62.9,29.2,7.9,37.1
2015,330,196,Sequoyah High School,English II,9th through 12th,All Students,89,**,**,68.5,**,**,31.5
2015,330,200,Orchard Knob Middle School,Math,7th,All Students,144,52.8,32.6,85.4,9,5.6,14.6
2015,330,200,Orchard Knob Middle School,RLA,7th,All Students,142,51.5,35.9,87.4,6.3,6.3,12.6
2015,330,210,Signal Mountain Middle/High School,Math,7th,All Students,195,9.3,21.5,30.8,29.7,39.5,69.2
2015,330,210,Signal Mountain Middle/High School,RLA,7th,All Students,195,**,**,23,**,**,77
2015,330,210,Signal Mountain Middle/High School,Algebra I,9th through 12th,All Students,100,**,**,26,**,**,74
2015,330,210,Signal Mountain Middle/High School,English II,9th through 12th,All Students,138,**,**,9.4,**,**,90.6
2015,330,215,Snow Hill Elementary School,Math,3rd,All Students,82,**,**,28,**,**,72
2015,330,215,Snow Hill Elementary School,RLA,3rd,All Students,82,**,**,61,**,**,39
2015,330,220,Soddy-Daisy High School,Algebra I,9th through 12th,All Students,263,7.2,19.8,27,39.5,33.5,73
2015,330,220,Soddy-Daisy High School,English II,9th through 12th,All Students,272,**,**,30.9,**,**,69.1
2015,330,225,Soddy-Daisy Middle School,Math,7th,All Students,177,16.4,36.2,52.6,28.8,18.6,47.4
2015,330,225,Soddy-Daisy Middle School,RLA,7th,All Students,178,16.9,40.4,57.3,36,6.7,42.7
2015,330,230,Soddy Elementary School,Math,3rd,All Students,59,6.8,22,28.8,45.8,25.4,71.2
2015,330,230,Soddy Elementary School,RLA,3rd,All Students,59,8.4,49.2,57.6,30.5,11.9,42.4
2015,330,235,Spring Creek Elementary School,Math,3rd,All Students,117,**,**,46.2,**,**,53.8
2015,330,235,Spring Creek Elementary School,RLA,3rd,All Students,116,**,**,79.3,**,**,20.7
2015,330,237,Tyner Academy,Algebra I,9th through 12th,All Students,159,30.9,27,57.9,28.3,13.8,42.1
2015,330,237,Tyner Academy,English II,9th through 12th,All Students,143,**,**,64.3,**,**,35.7
2015,330,239,Tyner Middle Academy,Math,7th,All Students,156,**,**,68.6,**,**,31.4
2015,330,239,Tyner Middle Academy,RLA,7th,All Students,156,**,**,77.5,**,**,22.5
2015,330,240,Thrasher Elementary School,Math,3rd,All Students,116,**,**,14.6,**,**,85.4
2015,330,240,Thrasher Elementary School,RLA,3rd,All Students,116,6.9,39.7,46.6,33.6,19.8,53.4
2015,330,241,Lookout Valley Elementary School,Math,3rd,All Students,52,9.6,28.8,38.4,40.4,21.2,61.6
2015,330,241,Lookout Valley Elementary School,RLA,3rd,All Students,52,21.1,34.6,55.7,38.5,5.8,44.3
2015,330,245,Woodmore Elementary School,Math,3rd,All Students,51,19.6,35.3,54.9,25.5,19.6,45.1
2015,330,245,Woodmore Elementary School,RLA,3rd,All Students,51,**,**,72.5,**,**,27.5
2015,330,260,Wallace A. Smith Elementary School,Math,3rd,All Students,120,**,**,24.1,**,**,75.9
2015,330,260,Wallace A. Smith Elementary School,RLA,3rd,All Students,120,**,**,41.7,**,**,58.3
2015,330,265,Westview Elementary School,Math,3rd,All Students,147,**,**,21,**,**,79
2015,330,265,Westview Elementary School,RLA,3rd,All Students,148,**,**,44.6,**,**,55.4
2015,330,275,Hamilton County Virtual School,Math,3rd,All Students,4,*,*,*,*,*,*
2015,330,275,Hamilton County Virtual School,RLA,3rd,All Students,4,*,*,*,*,*,*
2015,330,275,Hamilton County Virtual School,Algebra I,9th through 12th,All Students,5,*,*,*,*,*,*
2015,330,275,Hamilton County Virtual School,English II,9th through 12th,All Students,3,*,*,*,*,*,*
2015,330,280,STEM School Chattanooga,Algebra I,9th through 12th,All Students,30,10,33.3,43.3,40,16.7,56.7
2015,330,280,STEM School Chattanooga,English II,9th through 12th,All Students,66,**,**,16.7,**,**,83.3
2015,330,8001,Chattanooga Girls Leadership Academy,Math,7th,All Students,66,**,**,50,**,**,50
2015,330,8001,Chattanooga Girls Leadership Academy,RLA,7th,All Students,66,**,**,56.1,**,**,43.9
2015,330,8001,Chattanooga Girls Leadership Academy,Algebra I,9th through 12th,All Students,27,14.9,22.2,37.1,25.9,37,62.9
2015,330,8001,Chattanooga Girls Leadership Academy,English II,9th through 12th,All Students,36,**,**,44.4,**,**,55.6
2015,330,8002,"Ivy Academy, Inc.",Algebra I,9th through 12th,All Students,51,**,**,80.4,**,**,19.6
2015,330,8002,"Ivy Academy, Inc.",English II,9th through 12th,All Students,40,**,**,72.5,**,**,27.5
2015,330,8003,Chattanooga Charter School of Excellence,Math,3rd,All Students,66,7.6,30.3,37.9,53,9.1,62.1
2015,330,8003,Chattanooga Charter School of Excellence,RLA,3rd,All Students,66,6,57.6,63.6,30.3,6.1,36.4