year,district,subject,grade,subgroup,valid_tests,pct_below_bsc,pct_bsc,pct_bsc_and_below,pct_prof,pct_adv,pct_prof_adv
2015,330,Math,3rd,All Students,3611,7.6,27.7,35.3,40,24.7,64.7
2015,330,Math,7th,All Students,3217,22.1,29.4,51.5,29.2,19.3,48.5
2015,330,RLA,3rd,All Students,3610,16.6,46.4,63,27.9,9.1,37
2015,330,RLA,7th,All Students,3214,17.2,34.7,51.9,38.2,9.9,48.1
2015,330,Algebra I,9th through 12th,All Students,2495,21.9,29.2,51.1,30.1,18.8,48.9
2015,330,English II,9th through 12th,All Students,2891,11.3,28.9,40.2,51.2,8.6,59.8