SOURCE: ,http://www.hamiltontn.gov/Commission/DSReports/FY2016.pdf,,,
FY,DISTRICT,AMOUNT,SCHOOL,USE
2016,2,"10,000",Signal Mountain Middle/High ,Sports Boosters - Indoor batting facility
2016,2,"6,027",Signal Mountain Middle/High,Parking lot for batting facility
2016,3,"30,000",Hixson High School,Expansion of the green house complex
2016,5,"5,200",Tyner Academy,SmithBrothers Buildings & Carports - utility building
2016,5,"1,000",District 5 Public School,Eric Finley (Kingdom Graphics) - District 5 Public School Mural project
2016,7,"5,000",East Brainerd Elementary,"Tri-Con, Inc. - playground equipment"
2016,8,"10,481.36",Chattanooga School for the Liberal Arts,Interactive Teaching Center
2016,8,"25,000",East Brainerd Elementary ,"Tri-Con, Inc. - playground equipment "
2015,1,"5,000",Soddy Daisy High,School supplies
2015,1,"5,000",Soddy Daisy Middle,School supplies
2015,1,"26,431.09",Sale Creek High ,Athletic facility 
2015,2,"20,000.00",Mountain Education Foundation,School projects and supplies
2015,2,905.96,Signal Mountain Middle/High ,Dunlap Stone - sand
2015,2,496.05,Signal Mountain Middle/High ,Dunlap Stone - sand (football)
2015,2,"1,394.93",Signal Mountain Middle/High ,Dunlap Stone - sand for ball field 
2015,2,2000,Alpine Crest Elementary ,Library project
2015,2,"14,456.00",Red Bank High ,"Resilite Sports Products, Inc. - wrestling mats "
2015,2,"1,823.08",Red Bank High ,Wheelchair accessible walkway
2015,3,500,Hixson High School,Assist with athletics/ concession
2015,3,"1,500.00",Hixson Elementary,Assist with strings program
2015,3,500,Ivy Academy,Basketball uniforms
2015,3,330.46,Soddy Daisy Middle & Elementary,Gravel
2015,3,490,Hixson Middle,Media center sign
2015,3,"1,000.00",Ganns Middle Valley Elementary,Curriculum Conference
2015,3,"1,000.00",Hixson High School,Sod/grass for softball field
2015,3,155.7,Soddy Daisy Elementary,Gravel
2015,3,600,Normal Park School,Assist with dance program
2015,3,"1,200.00",Hixson High School,Locker room/ practice facilities renovations
2015,3,806.14,Hixson High School,Sand for ball field
2015,5,500,Howard School,Girls' basketball team uniforms
2015,6,"1,231.59",Lookout Mountain Elementary ,Security cameras
2015,6,"8,745.07",Lookout Valley Elementary,Batting cages repair and construction
2015,6,"34,998.00",Lookout Valley Elementary,Gametime Division - playground equipment
2015,6,"17,370.99",Normal Park School,Storm water runoff project
2015,6,"1,823.08",Red Bank High,Wheelchair accessible walkway
2015,6,"3,192.97",Lookout Valley Elementary ,"Capital Wholesale Fence Company, Inc. - fence project "
2015,7,"1,965.42",Bess T Shepherd,Defibrillator
2015,7,"1,965.42",East Brainerd Elementary,Defibrillator
2015,7,"4,997.50",Ooltewah High,Giant Steps Music - band instruments
2015,7,"1,791.00",Chattanooga School for the Liberal Arts ,Computer charging cart 
2015,8,"1,800.00",East Ridge High School,"Cooks for the ""Want To"" initiative"
2015,8,"5,000.00",East Ridge High School,Computers
2015,8,"19,947.00",East Ridge High School,Giant Steps Music Corp. - band instruments 
2015,9,"3,795.00",Ooltewah High School,Dance team equipment
2015,9,"1,500.00",Ooltewah Elementary School,Girls soccer team equipment
2015,9,650,Harrison Elementary,Assist 5th grade teachers
2015,9,"2,700.00",Brown Middle,Ice machine
2015,9,"1,000.00",Sequoyah High,Equipment to build an advertising trailer
2015,9,141.95,Harrison Elementary ,Sphygmomanometer (E Ethridge p-card)
2015,9,500,Hamilton County High,Printer
2015,9,600,Harrison Elementary,Art program
2015,9,"6,715.00",Ooltewah High,Vassey Sales - lawn mowers
2015,9,602.55,Ooltewah Middle ,Riverside Industries - gravel for football field 
2015,9,"7,990.23",Snow Hill Elementary,Security system
2015,9,"8,690.00",Ooltewah Middle ,Sightlines Inc. - bleachers
2015,9,"14,050.00",Snow Hill Elementary,Ball field paving project
2015,9,"1,965.41",Harrison Elementary,Defibrillator
2015,9,"1,303.00",Ooltewah High,Mobile computer charging cart
2015,9,"4,997.50",Ooltewah High,Giant Steps Music - band instruments
2015,9,"3,000.00",Central High ,Praters Athletic Flooring - volleyball net system 
2015,9,"1,616.84",Ooltewah High,Guitar Center - sound system for girls' softball team 
2015,9,"8,741.81",Wallace A Smith Elementary ,Springtree Media Group - sound system 
2015,9,"4,436.00",Ooltewah Middle ,"Jenkins Masonry, Inc. - retaining wall for ball field "
2014,1,"2,500.00",North Hamilton County Elementary,School supplies
2014,1,"2,500.00",Soddy Daisy Elementary,School supplies
2014,1,"34,997.91",Soddy Daisy Elementary,Gametime Division - playground equipment
2014,1,"2,500.00",Falling Water Elementary,School supplies
2014,1,"2,500.00",Soddy Daisy Elementary,School supplies
2014,1,"2,500.00",Soddy Daisy Middle,School supplies
2014,1,"20,000.00",Soddy Daisy Middle,School supplies
2014,1,"50,000.00",Sale Creek High,Athletic program assistance
2014,1,"100,000.00",Soddy Daisy High,Athletic track
2014,1,"5,000.00",Sequoyah High,School supplies
2014,2,"30,000.00",Signal Mtn Middle/High ,Concession stand
2014,2,"2,500.00",Rivermont Elementary,Walking track
2014,2,"3,500.00",Nolan Elementary,Fencing
2014,2,"3,674.50",Red Bank Middle,TAS Equipment - mower
2014,2,"5,000.00",Red Bank Elementary,level books program
2014,2,"1,500.00",Red Bank Middle,iLibrary Innovation project
2014,2,"20,000.00",Mountain Education Foundation,computer equipment and books
2014,2,"2,000.00",Nolan Elementary,level books program
2014,3,"2,000.00",Hixson High School,Wrestling team mats
2014,3,"5,000.00",Hixson High School,Aquaponics classroom funding
2014,3,"4,064.16","Loftis Middle , Hixson Middle, Hixson High & Middle Valley",Dunlap Stone
2014,3,"1,500.00",Hixson High School,Leadership Training Instructor
2014,3,"2,000.00",Hixson Elementary,PA system
2014,3,"2,500.00",Allen Elementary,iPads
2014,3,"5,000.00",Big Ridge Elementary,Track resurfacing
2014,3,"5,000.00",McConnell Elementary,Playground equipment
2014,3,"3,750.00",Loftis Middle,Computers
2014,3,"6,000.00",Hixson Middle,Technology
2014,3,"8,000.00",Ganns Middle Valley Elementary,iPads
2014,3,"2,624.89",Hixson High School,Batting cage
2014,3,"15,000.00",Loftis Middle,Security cameras
2014,3,"3,500.00",Hixson Elementary,Technology
2014,3,"1,500.00",Hixson High School,Football program
2014,3,"1,000.00",Ganns Middle Valley Elementary,Project Word Reading Program
2014,3,"1,500.00",McConnell Elementary,Playground equipment
2014,3,"4,000.00",DuPont Elementary,Security and technology
2014,3,"1,000.00",Hixson High School,Wrestling team state championship rings
2014,4,"10,000.00",Central High ,Football team assistance
2014,4,"3,576.50",Howard School of Academics and Technology,Track and volleyball
2014,4,"1,000.00",East Lake Academy,Football program
2014,4,"2,000.00",Brainerd High,Basketball team assistance
2014,4,"1,437.05",Howard School of Academics and Technology,Wrestling uniforms
2014,4,"2,339.40",Howard School of Academics and Technology,Basketball uniforms
2014,4,"2,000.00",East Lake Academy,Assist with trip to Washington
2014,4,"1,000.00",Orchard Knob Elementary,Assist with Once Upon a Princess Program
2014,5,"5,500.00",Tyner Academy,Purchase football uniforms
2014,5,"2,000.00",Brainerd High,Golf equipment
2014,5,"3,576.50",Howard School of Academics and Technology,Track and volleyball team assistance
2014,5,750,Ooltewah High,Cross Country Track Sprint 8 Timing Device
2014,5,"1,000.00",Brainerd High,Beautification
2014,5,400,Brainerd High,School project
2014,5,"1,500.00",Chattanooga School for the Arts and Sciences,Scholarship assistance
2014,6,"3,674.50",Red Bank Middle,TAS Equipment - Hustler mower
2014,6,"4,000.00",Red Bank Middle,City of Red Bank - brick sculpture preservation
2014,6,"28,867.00",Lookout Valley Middle/High,Football stadium
2014,6,"7,560.60",Lookout Mountain Elementary,12 computers
2014,6,429,Lookout Valley Middle/High,Memphis Net & Twine Co - batting cages
2014,6,217.96,Lookout Valley Middle/High,Martin Marietta - ball field
2014,6,350,Lookout Valley Middle/High,Seal Co - stadium
2014,6,"3,454.12",Lookout Valley Middle/High,Capitol Wholesale Fence Company - ball field
2014,6,"1,613.00",Lookout Valley Middle/High,Sequatchie Concrete Service - ball field
2014,7,"75,000.00",East Hamilton Middle/High,Baseball field
2014,7,"5,000.00",Central High ,Athletics
2014,7,"3,000.00",Tyner Academy,Athletics
2014,7,"6,000.00",Apison Elementary,Echo Solar System project
2014,7,"2,000.00",East Hamilton Middle/High,PTA iPad project
2014,7,"2,054.13",East Hamilton Middle/High,Hamilton County Highway Dept. - gravel for football field
2014,7,"5,000.00",Ooltewah High,Macy's Thanksgiving Day Parade
2014,7,500,Wolftever Creek Elementary,Playground equipment
2014,7,500,East Hamilton Middle/High,PTA Project Candy Cane 5K Run/Walk
2014,7,"10,000.00",East Hamilton Middle/High,Baseball field
2014,8,"4,000.00",East Ridge High School,Football program
2014,8,"20,000.00",East Ridge High School,Band uniforms and equipment
2014,8,"10,000.00",East Ridge Middle School,Digital information sign
2014,8,"8,000.00",East Ridge High School,Band uniforms remaining cost
2014,8,"1,700.00",East Ridge High School,Equipment for archery program
2014,8,"5,000.00",Barger Academy of Fine Arts,
2014,8,"1,840.00",East Ridge High School,Choir robest
2014,9,"80,000.00",East Hamilton Middle/High,baseball field
2014,9,"10,000.00",Central High ,Assist the library
2014,9,"5,000.00",Central High ,Assist the band
2014,9,"2,000.00",Central High ,Assist the chorus
2014,9,"6,000.00",Ooltewah High,Assist the cheerleaders
2014,9,"6,000.00",Ooltewah High,Assist the dance team
2014,9,"7,000.00",Ooltewah Middle ,iPads
2014,9,"5,000.00",Snow Hill Elementary,Playground equipment
2014,9,"7,500.00",Ooltewah High,Macy's Thanksgiving Day Parade
2014,9,"5,000.00",Central High ,Track team storage building
2014,9,"2,700.00",Central High ,Ice machine
2014,9,"2,500.00",Ooltewah High,Football program
2014,9,"5,000.00",Central High ,Football team equipment
2014,9,"1,000.00",Ooltewah Elementary School,Related arts material
2014,9,200,Ooltewah High,Science project
2014,9,"10,000.00",Brown Middle,Security cameras
2014,9,"1,000.00",Ooltewah High,Soccer equipment
2014,9,500,Sequoyah High,Team Acadeny Auto Shop
2014,9,750,Ooltewah High,Cross Country Track Sprint 8 Timing Device
2014,9,650,Harrison Elementary, 5th grade project
2014,9,"2,000.00",Ooltewah Elementary School,Related arts material
2014,9,300,Hunter Middle,Staples for teacher's copy machine
2014,9,500,Hamilton County High,December graduation ceremony
2014,9,"1,000.00",Ooltewah High,Baseball team assistance
2014,9,"1,000.00",Ooltewah Elementary School,Buddy Benches
2014,9,"1,000.00",Brown Middle,Ball fiel repairs
2014,9,520,Brown Middle,Infield mix
2014,9,700,Harrison Elementary,Arts program
2014,9,"2,000.00",Ooltewah Elementary School,Yearbooks
2014,9,"1,005.00",Ooltewah High,Dance team equipment